workbook,sheet,year,month,monthNo,plant,le0Ppds,lvPpds,actPpds,ttsaPrice,actPpdsCostAgainstTtsa,estPpdsAccuracy,actPpdsAccuracy,le0Starch,lvStarch,actStarch,le0Price,lvPrice,actPrice,estFarmerContribution,estImpurity,actImpurity
KSN Root Sourcing report App.xlsx,RawKPI.KSN,2023,Jan,1,Kalasin,10.8391608392,11.1803392177,11.1821422915,16.52,5.3378577085,0.97,0.9646164545,0.286,0.2889,0.2889016515,3.1,3.23,3.2305393757,0.59,0.0715,0.0627712814
KSN Root Sourcing report App.xlsx,RawKPI.KSN,2023,Feb,2,Kalasin,10.9712230216,11.4601311702,11.4525371419,16.9625,5.5099628581,0.97,0.9855883943,0.278,0.2897,0.2897,3.05,3.32,3.31780001,0.59,0.0715,0.0675681063
KSN Root Sourcing report App.xlsx,RawKPI.KSN,2023,Mar,3,Kalasin,11.1111111111,13.5056425191,13.5189882258,17.6,4.0810117742,0.97,0.8955074979,0.27,0.2747,0.2747161883,3,3.71,3.7138849149,0.59,0.0715,0.0752818829
KSN Root Sourcing report App.xlsx,RawKPI.KSN,2023,Apr,4,Kalasin,11.811023622,15.923566879,15.9376192286,17.95,2.0123807714,0.97,0.9121079025,0.254,0.2355,0.2354919666,3,3.75,3.7531812944,0.59,0.0715,0.0665534581
KSN Root Sourcing report App.xlsx,RawKPI.KSN,2023,May,5,Kalasin,12.3913043478,15.8627548483,15.8435698349,18.36,2.5164301651,0.97,0.9527101524,0.23,0.2011,0.2011091532,2.85,3.19,3.1862869124,0.59,0.0715,0.0753373808
KSN Root Sourcing report App.xlsx,RawKPI.KSN,2023,Jun,6,Kalasin,12.3404255319,14.7278548559,14.7046258682,18.425,3.7203741318,0.97,0.9324429847,0.235,0.1874,0.1882848452,2.9,2.76,2.7686582052,0.59,0.0715,0.0587828708
KSN Root Sourcing report App.xlsx,RawKPI.KSN,2023,Jul,7,Kalasin,12.2474226804,13.5355364418,13.5364973094,18.5,4.9635026906,0.97,0.9115486404,0.2425,0.2209,0.2209854962,2.97,2.99,2.9913695746,0.59,0.0715,0.0685448336
KSN Root Sourcing report App.xlsx,RawKPI.KSN,2023,Aug,8,Kalasin,12.0079522863,12.621789194,12.3308166196,18.5,6.1691833804,0.97,0.935570305,0.2515,0.2258,0.2352152741,3.02,2.85,2.900396411,0.59,0.0715,0.0682234543
KSN Root Sourcing report App.xlsx,RawKPI.KSN,2023,Sep,9,Kalasin,11.8823529412,12.731092437,13.061220794,18.6,5.538779206,0.97,0.9633951751,0.255,0.238,0.235004755,3.03,3.03,3.0694489921,0.59,0.0715,0.0748450659
KSN Root Sourcing report App.xlsx,RawKPI.KSN,2023,Oct,10,Kalasin,11.6538461538,12.6493613515,14.1672587095,18.7,4.5327412905,0.97,0.9785682257,0.26,0.2427,0.2297708275,3.03,3.07,3.2552227569,0.59,0.0715,0.0737103674
KSN Root Sourcing report App.xlsx,RawKPI.KSN,2023,Nov,11,Kalasin,11.4130434783,12.9921259843,15.8377149786,19.075,3.2372850214,0.97,0.9682270372,0.276,0.254,0.2413544026,3.15,3.3,3.8225022371,0.59,0.0715,0.0726707937
KSN Root Sourcing report App.xlsx,RawKPI.KSN,2023,Dec,12,Kalasin,11.1307420495,12.3388581952,14.5457029775,19.3,4.7542970225,0.97,0.9355043306,0.283,0.2715,0.2692245161,3.15,3.35,3.9160598458,0.59,0.0715,0.0571397619
KSN Root Sourcing report App.xlsx,RawKPI.KSN,2024,Jan,1,Kalasin,14.6296296296,14.3154868847,14.3155777159,19.075,4.7594222841,0.97,0.9989694316,0.27,0.2783,0.2783105825,3.95,3.984,3.9841767725,0.62,0.0677,0.0482766476
KSN Root Sourcing report App.xlsx,RawKPI.KSN,2024,Feb,2,Kalasin,14.5756457565,14.0489913545,14.0546527264,19.0625,5.0078472736,0.97,0.9960962338,0.271,0.2776,0.27763914,3.95,3.9,3.9021216953,0.62,0.0677,0.0511752377
KSN Root Sourcing report App.xlsx,RawKPI.KSN,2024,Mar,3,Kalasin,15.1645768025,14.3464810518,14.3408070743,19.1,4.7591929257,0.97,0.9936275737,0.2552,0.2586,0.2585764762,3.87,3.71,3.7081953594,0.62,0.0677,0.0480793713
KSN Root Sourcing report App.xlsx,RawKPI.KSN,2024,Apr,4,Kalasin,16.289978678,13.6853541938,13.6765700947,18.99,5.3134299053,0.97,0.9768978639,0.2345,0.2301,0.2301433316,3.82,3.149,3.1475714059,0.62,0.0677,0.0553742004
KSN Root Sourcing report App.xlsx,RawKPI.KSN,2024,May,5,Kalasin,16.9811320755,13.8957549704,13.9025533349,18.7375,4.8349466651,0.97,0.9792473083,0.212,0.1861,0.1861402809,3.6,2.586,2.5878251826,0.62,0.0677,0.0649090811
KSN Root Sourcing report App.xlsx,RawKPI.KSN,2024,Jun,6,Kalasin,17.2596153846,12.1937321937,12.1931435156,18.55,6.3568564844,0.97,0.9833180254,0.208,0.1755,0.1754704641,3.59,2.14,2.139536552,0.62,0.0677,0.0591471993
KSN Root Sourcing report App.xlsx,RawKPI.KSN,2024,Jul,7,Kalasin,16.2612612613,11.3489298158,11.3512615092,18.1,6.7487384908,0.97,0.9388967336,0.222,0.2009,0.2008624889,3.61,2.28,2.2800426392,0.62,0.0677,0.0654912548
KSN Root Sourcing report App.xlsx,RawKPI.KSN,2024,Aug,8,Kalasin,15.8189655172,9.9122807018,9.8179439602,17.725,7.9070560398,0.97,0.9167081195,0.232,0.228,0.2297160523,3.67,2.26,2.255339328,0.62,0.0677,0.0688025928
KSN Root Sourcing report App.xlsx,RawKPI.KSN,2024,Sep,9,Kalasin,15.7667386609,9.845704754,9.8804640527,17.0875,7.2070359473,0.97,0.9667773046,0.2315,0.2398,0.2439369461,3.65,2.361,2.4102102268,0.62,0.0677,0.0729981426
KSN Root Sourcing report App.xlsx,RawKPI.KSN,2024,Oct,10,Kalasin,15.5368421053,9.9466119097,9.5955960327,15.97,6.3744039673,0.97,0.9995412534,0.2375,0.2435,0.2492982729,3.69,2.422,2.3921655188,0.62,0.0677,0.077290999
KSN Root Sourcing report App.xlsx,RawKPI.KSN,2024,Nov,11,Kalasin,15.6213017751,10.0978473581,11.1146782907,14.825,3.7103217093,0.97,0.865849154,0.2535,0.2555,0.2447498937,3.96,2.58,2.7203163306,0.62,0.0677,0.0709319535
KSN Root Sourcing report App.xlsx,RawKPI.KSN,2024,Dec,12,Kalasin,15.0190114068,9.6666666667,9.5229685711,14.325,4.8020314289,0.97,0.9919758928,0.263,0.27,0.264270341,3.95,2.61,2.5166381516,0.62,0.0677,0.058138911
KSN Root Sourcing report App.xlsx,RawKPI.KSN,2025,Jan,1,Kalasin,9.4545454545,8.9821428571,8.983762309,13.95,4.966237691,0.97,0.9928569464,0.275,0.28,0.2799871102,2.6,2.515,2.5153376473,0.71,0.06,0.0555103898
KSN Root Sourcing report App.xlsx,RawKPI.KSN,2025,Feb,2,Kalasin,9.4202898551,8.7539710554,8.7660382618,14,5.2339617382,0.97,0.9325572619,0.276,0.2833,0.2833237188,2.6,2.48,2.4836265591,0.71,0.06,0.0566745622
KSN Root Sourcing report App.xlsx,RawKPI.KSN,2025,Mar,3,Kalasin,9.6153846154,7.9985119048,7.85395457,13.8875,6.03354543,0.97,0.9462595867,0.26,0.2688,0.2657125516,2.5,2.15,2.0868943089,0.71,0.06,0.0424
KSN Root Sourcing report App.xlsx,RawKPI.KSN,2025,Apr,4,Kalasin,10.5555555556,8.5185185185,8.1076634012,13.3,5.1923365988,0.97,0.9698161963,0.234,0.243,0.2354604119,2.47,2.07,1.9090337637,0.71,0.06,0.0530651535
KSN Root Sourcing report App.xlsx,RawKPI.KSN,2025,May,5,Kalasin,11.3106796117,9.0909090909,8.2725715431,13.1375,4.8649284569,0.97,0.9619269236,0.206,0.22,0.2065416417,2.33,2,1.7086305075,0.71,0.06,0.0415068249
KSN Root Sourcing report App.xlsx,RawKPI.KSN,2025,Jun,6,Kalasin,11.4356435644,9.2857142857,8.55003338,13.3833333333,4.8332999533,0.97,0.9884431653,0.202,0.21,0.2060392333,2.31,1.95,1.7616423225,0.71,0.06,0.0778560675
KSN Root Sourcing report App.xlsx,RawKPI.KSN,2025,Jul,7,Kalasin,10.6818181818,9.78,8.8182592633,13.57,4.7517407367,0.97,0.9625021515,0.22,0.2196,0.2259480646,2.35,2.15,1.9924686138,0.71,0.06,0.0806794356
KSN Root Sourcing report App.xlsx,RawKPI.KSN,2025,Aug,8,Kalasin,10.4255319149,8.6434829818,8.6293209401,13.5,4.8706790599,0.97,0.9532801982,0.235,0.2432874617,0.2440203654,2.45,2.1028510352,2.1057300493,0.71,0.06,0.0718415036
KSN Root Sourcing report App.xlsx,RawKPI.KSN,2025,Sep,9,Kalasin,10.2083333333,8.9186566454,8.7649616781,13.4,4.6350383219,0.97,0.9823373908,0.24,0.2421889401,0.2432597608,2.45,2.16,2.1321624815,0.71,0.06,0.0895948047
KSN Root Sourcing report App.xlsx,RawKPI.KSN,2025,Oct,10,Kalasin,9.9590163934,8.9,9.3423812398,13.475,4.1326187602,0.97,0.9499917826,0.244,0.25,0.2431854297,2.43,2.225,2.2719309965,0.71,0.06,0.0841063909
KSN Root Sourcing report App.xlsx,RawKPI.KSN,2025,Nov,11,Kalasin,10.3149606299,10.1998701852,10.2978426246,13.6,3.3021573754,0.97,0.9903947366,0.254,0.2504875052,0.2529108745,2.62,2.5549400359,2.6044363834,0.71,0.06,0.0909159703
KSN Root Sourcing report App.xlsx,RawKPI.KSN,2025,Dec,12,Kalasin,9.667896679,9.97,10.1030445752,13.925,3.8219554248,0.97,0.986655509,0.271,0.2644,0.2688498021,2.62,2.64,2.7162015345,0.71,0.06,0.066567079
KSN Root Sourcing report App.xlsx,RawKPI.KSN,2026,Jan,1,Kalasin,10.0744101633,10.6360881285,10.6360881285,14.1875,3.5514118715,0.97,0.9437846943,0.2755,0.2746403234,0.2746403234,2.7755,2.9210986834,2.9210986834,0.5,0.06,0.0670204837
KSN Root Sourcing report App.xlsx,RawKPI.KSN,2026,Feb,2,Kalasin,9.8214285714,10.7365853659,10.6707882414,14.4,3.7292117586,0.97,0.9938716899,0.28,0.2733333333,0.2760526971,2.75,2.9346666667,2.9456998742,0.5,0.06,0.0463218639
KSN Root Sourcing report App.xlsx,RawKPI.KSN,2026,Mar,3,Kalasin,9.9245283019,10.9404934688,11.38,15.34,3.96,0.97,0.960065004,0.265,0.265,0.2543096989,2.63,2.8992307692,2.8933836848,0.5,0.06,0.0551789976
KSN Root Sourcing report App.xlsx,RawKPI.KSN,2026,Apr,4,Kalasin,10,13.4720496894,14.5252322773,16.8,2.2747677227,0.97,0.9218246212,0.238,0.23,0.2222750748,2.38,3.0985714286,3.2285970915,0.5,0.06,0.0601976013
KSN Root Sourcing report App.xlsx,RawKPI.KSN,2026,May,5,Kalasin,10.1160092807,17.1378600823,16.9357685469,18.975,2.0392314531,0.97,0.9882078898,0.2155,0.1944,0.1932725869,2.18,3.3316,3.2732197986,0.5,0.06,0.0711162095
KSN Root Sourcing report App.xlsx,RawKPI.KSN,2026,Jun,6,Kalasin,10.3720930233,17.5644792687,0.01,0.01,0,0.97,0.01,0.215,0.1914375,0.01,2.23,3.3625,0.01,0.5,0.06,0.01
KSN Root Sourcing report App.xlsx,RawKPI.KSN,2026,Jul,7,Kalasin,10,15.0,0.01,0.01,0,0.97,0.01,0.22,0.21,0.01,2.2,3.15,0.01,0.5,0.06,0.01
KSN Root Sourcing report App.xlsx,RawKPI.KSN,2026,Aug,8,Kalasin,9.7021276596,14.1333333333,0.01,0.01,0,0.97,0.01,0.235,0.225,0.01,2.28,3.18,0.01,0.5,0.06,0.01
KSN Root Sourcing report App.xlsx,RawKPI.KSN,2026,Sep,9,Kalasin,8.893442623,13.299959014,0.01,0.01,0,0.97,0.01,0.244,0.2439857143,0.01,2.17,3.245,0.01,0.5,0.06,0.01
KSN Root Sourcing report App.xlsx,RawKPI.KSN,2026,Oct,10,Kalasin,9.9603174603,13.089569161,0.01,0.01,0,0.97,0.01,0.252,0.252,0.01,2.51,3.2985714286,0.01,0.5,0.06,0.01
KSN Root Sourcing report App.xlsx,RawKPI.KSN,2026,Nov,11,Kalasin,10.0389105058,14.0244580322,0.01,0.01,0,0.97,0.01,0.257,0.257,0.01,2.58,3.6042857143,0.01,0.5,0.06,0.01
KSN Root Sourcing report App.xlsx,RawKPI.KSN,2026,Dec,12,Kalasin,9.5636363636,13.7037037037,0.01,0.01,0,0.97,0.01,0.275,0.27,0.01,2.63,3.7,0.01,0.5,0.06,0.01
SK Root Sourcing report App.xlsx,RawKPI.SK,2023,Jan,1,Sikhiu,11.3879003559,11.9165487977,11.9177600841,16.52,4.6022399159,0.97,0.9536646107,0.281,0.2828,0.2828301231,3.2,3.37,3.3707015517,,,
SK Root Sourcing report App.xlsx,RawKPI.SK,2023,Feb,2,Sikhiu,11.4130434783,12.4955752212,12.4998202709,16.9625,4.4626797291,0.97,0.9959983718,0.276,0.2825,0.2824614856,3.15,3.53,3.5307178039,,,
SK Root Sourcing report App.xlsx,RawKPI.SK,2023,Mar,3,Sikhiu,11.641221374,14.0447378071,14.0331010788,17.6,3.5668989212,0.97,0.9496181827,0.262,0.2727,0.2727256994,3.05,3.83,3.827187307,,,
SK Root Sourcing report App.xlsx,RawKPI.SK,2023,Apr,4,Sikhiu,12.7789046653,16.1117961365,16.1121950133,17.95,1.8378049867,0.97,0.965176942,0.2465,0.2433,0.2433130891,3.15,3.92,3.9203079403,,,
SK Root Sourcing report App.xlsx,RawKPI.SK,2023,May,5,Sikhiu,13.2754880694,17.4866049683,17.4950835411,18.36,0.8649164589,0.97,0.9332266133,0.2305,0.2053,0.2053084221,3.06,3.59,3.5918879967,,,
SK Root Sourcing report App.xlsx,RawKPI.SK,2023,Jun,6,Sikhiu,13.2754880694,15.8738107161,15.8253210629,18.425,2.5996789371,0.97,0.9100242129,0.2305,0.1997,0.2008,3.06,3.17,3.1777244694,,,
SK Root Sourcing report App.xlsx,RawKPI.SK,2023,Jul,7,Sikhiu,12.6819126819,15.1696606786,15.1732353806,18.5,3.3267646194,0.97,0.9513000239,0.2405,0.22545,0.2256815911,3.05,3.42,3.4243199022,,,
SK Root Sourcing report App.xlsx,RawKPI.SK,2023,Aug,8,Sikhiu,12.6272912424,14.9690721649,14.7811766222,18.5,3.7188233778,0.97,0.9711679778,0.2455,0.2425,0.2449875301,3.1,3.63,3.6212039532,,,
SK Root Sourcing report App.xlsx,RawKPI.SK,2023,Sep,9,Sikhiu,12.5793650794,14.8310139165,14.9520286454,18.6,3.6479713546,0.97,0.9917715006,0.252,0.2515,0.2404,3.17,3.73,3.5944676863,,,
SK Root Sourcing report App.xlsx,RawKPI.SK,2023,Oct,10,Sikhiu,12.140077821,14.7637795276,14.8596973631,18.7,3.8403026369,0.97,0.9866996921,0.257,0.254,0.2384414663,3.12,3.75,3.5431680277,,,
SK Root Sourcing report App.xlsx,RawKPI.SK,2023,Nov,11,Sikhiu,11.9837758112,14.6892655367,15.7911577483,19.075,3.2838422517,0.97,0.9853793107,0.2712,0.2655,0.2437036434,3.25,3.9,3.8483626767,,,
SK Root Sourcing report App.xlsx,RawKPI.SK,2023,Dec,12,Sikhiu,11.5658362989,14.0875912409,14.9815835431,19.3,4.3184164569,0.97,0.9663836946,0.281,0.274,0.2554421142,3.25,3.86,3.8269273747,,,
SK Root Sourcing report App.xlsx,RawKPI.SK,2024,Jan,1,Sikhiu,15.2631578947,14.6214689266,14.6169787631,19.075,4.4580212369,0.97,0.977523487,0.2565,0.2655,0.2655212628,3.915,3.882,3.8811186589,,,
SK Root Sourcing report App.xlsx,RawKPI.SK,2024,Feb,2,Sikhiu,15.2691107644,14.0701107011,14.0678609508,19.0625,4.9946390492,0.97,0.953472338,0.2564,0.271,0.2709802565,3.915,3.813,3.812112569,,,
SK Root Sourcing report App.xlsx,RawKPI.SK,2024,Mar,3,Sikhiu,16.0970464135,14.0079522863,14.0120854561,19.1,5.0879145439,0.97,0.9867665814,0.237,0.2515,0.2515357185,3.815,3.523,3.5245399834,,,
SK Root Sourcing report App.xlsx,RawKPI.SK,2024,Apr,4,Sikhiu,17.1903881701,14.4824399261,14.4831250686,18.99,4.5068749314,0.97,0.9495284677,0.2164,0.2164,0.2163670909,3.72,3.134,3.1336716377,,,
SK Root Sourcing report App.xlsx,RawKPI.SK,2024,May,5,Sikhiu,17.4757281553,15.5263157895,15.5307042065,18.7375,3.2067957935,0.97,0.9486033579,0.206,0.1824,0.1824159097,3.6,2.832,2.8330475358,,,
SK Root Sourcing report App.xlsx,RawKPI.SK,2024,Jun,6,Sikhiu,17.380952381,14.3114852676,14.3106381134,18.55,4.2393618866,0.97,0.9869405595,0.21,0.1663,0.1663393072,3.65,2.38,2.3804216291,,,
SK Root Sourcing report App.xlsx,RawKPI.SK,2024,Jul,7,Sikhiu,16.3174320107,13.9855875831,13.9899375144,18.1,4.1100624856,0.97,0.9755883901,0.2243,0.1804,0.1804033733,3.66,2.523,2.5238319202,,,
SK Root Sourcing report App.xlsx,RawKPI.SK,2024,Aug,8,Sikhiu,16.0324925182,12.7548601233,12.7780913669,17.725,4.9469086331,0.97,0.9340710063,0.2339,0.2109,0.2133516033,3.75,2.69,2.7262262796,,,
SK Root Sourcing report App.xlsx,RawKPI.SK,2024,Sep,9,Sikhiu,15.9493670886,12.1800529568,12.3606917694,17.0875,4.7268082306,0.97,0.9619215385,0.237,0.2266,0.2301557478,3.78,2.76,2.8448842577,,,
SK Root Sourcing report App.xlsx,RawKPI.SK,2024,Oct,10,Sikhiu,15.7741801577,11.9827586207,10.9737724975,15.97,4.9962275025,0.97,0.9221657561,0.2409,0.232,0.2344774693,3.8,2.78,2.5731024035,,,
SK Root Sourcing report App.xlsx,RawKPI.SK,2024,Nov,11,Sikhiu,15.9467097295,12.1074380165,10.339609391,14.825,4.485390609,0.97,0.957733195,0.2477,0.242,0.242810863,3.95,2.93,2.5105694796,,,
SK Root Sourcing report App.xlsx,RawKPI.SK,2024,Dec,12,Sikhiu,15.1538461538,11.4007782101,9.0682873049,14.325,5.2567126951,0.97,0.9596071222,0.26,0.257,0.2566356807,3.94,2.93,2.3272460851,,,
SK Root Sourcing report App.xlsx,RawKPI.SK,2025,Jan,1,Sikhiu,9.4868913858,8.4525547445,8.4491963972,13.95,5.5008036028,0.97,0.9771679312,0.267,0.274,0.2746548239,2.533,2.316,2.3206125488,,,
SK Root Sourcing report App.xlsx,RawKPI.SK,2025,Feb,2,Sikhiu,9.530956848,8.4377302874,8.4479659204,14,5.5520340796,0.97,0.9162652842,0.2665,0.2714,0.2714209703,2.54,2.29,2.292955107,,,
SK Root Sourcing report App.xlsx,RawKPI.SK,2025,Mar,3,Sikhiu,9.9606299213,8.0167173252,7.98,13.8875,5.9075,0.97,0.946443186,0.254,0.2632,0.2550631379,2.53,2.11,2.035025342,,,
SK Root Sourcing report App.xlsx,RawKPI.SK,2025,Apr,4,Sikhiu,10.7905982906,8.5654008439,8.3545340224,13.3,4.9454659776,0.97,0.9658420835,0.234,0.237,0.2236345949,2.525,2.03,1.8683628319,,,
SK Root Sourcing report App.xlsx,RawKPI.SK,2025,May,5,Sikhiu,11.3317757009,9.0783410138,9.3090792826,13.1375,3.8284207174,0.97,0.9421500815,0.214,0.217,0.1944963827,2.425,1.97,1.8105822472,,,
SK Root Sourcing report App.xlsx,RawKPI.SK,2025,Jun,6,Sikhiu,11.7073170732,9.2705882353,9.2311977899,13.3833333333,4.1521355434,0.97,0.9448513603,0.205,0.2125,0.2059808078,2.4,1.97,1.9014495777,,,
SK Root Sourcing report App.xlsx,RawKPI.SK,2025,Jul,7,Sikhiu,11.1363636364,10.56,10.1911975802,13.57,3.3788024198,0.97,0.9544577602,0.22,0.225,0.2338406747,2.45,2.3831165178,2.3831165178,,,
SK Root Sourcing report App.xlsx,RawKPI.SK,2025,Aug,8,Sikhiu,10.8620689655,10.2934601837,10.2784048099,13.5,3.2215951901,0.97,0.9894801853,0.232,0.2421116366,0.2423856229,2.52,2.4921664915,2.4913375526,,,
SK Root Sourcing report App.xlsx,RawKPI.SK,2025,Sep,9,Sikhiu,10.7172995781,10.0917339271,9.9182503815,13.4,3.4817496185,0.97,0.9834506513,0.237,0.2447547684,0.2453791545,2.54,2.47,2.4337318929,,,
SK Root Sourcing report App.xlsx,RawKPI.SK,2025,Oct,10,Sikhiu,10.3734439834,9.6815286624,9.9807477898,13.475,3.4942522102,0.97,0.9687457518,0.241,0.2512,0.2400149079,2.5,2.432,2.3955282612,,,
SK Root Sourcing report App.xlsx,RawKPI.SK,2025,Nov,11,Sikhiu,10.6048387097,10.1433717286,10.4551163956,13.6,3.1448836044,0.97,0.9692661695,0.248,0.2486960748,0.2484213857,2.63,2.5226167339,2.597274503,,,
SK Root Sourcing report App.xlsx,RawKPI.SK,2025,Dec,12,Sikhiu,10.1550387597,9.9803921569,10.3066721257,13.925,3.6183278743,0.97,0.967307901,0.258,0.255,0.2580767535,2.62,2.545,2.6599124819,,,
SK Root Sourcing report App.xlsx,RawKPI.SK,2026,Jan,1,Sikhiu,10.1456778437,10.4095644638,10.4095644638,14.1875,3.7779355362,0.97,0.9749094325,0.2649549839,0.2707336788,0.2707336788,2.68814791,2.8110986408,2.8182196819,,,
SK Root Sourcing report App.xlsx,RawKPI.SK,2026,Feb,2,Sikhiu,9.9632352941,10.4541568711,10.9834295832,14.4,3.4165704168,0.97,0.9493720327,0.272,0.2725631068,0.2662576339,2.71,2.8494174757,2.9244219731,,,
SK Root Sourcing report App.xlsx,RawKPI.SK,2026,Mar,3,Sikhiu,10.1145038168,11.29,12.0041543429,15.34,3.3358456571,0.97,0.9366045262,0.262,0.2684,0.246443868,2.65,3.03,2.958350228,,,
SK Root Sourcing report App.xlsx,RawKPI.SK,2026,Apr,4,Sikhiu,10.3719008264,13.9993828113,15.4429936154,16.8,1.3570063846,0.97,0.8968803965,0.242,0.2196949153,0.2128172896,2.51,3.0755932203,3.2865360438,,,
SK Root Sourcing report App.xlsx,RawKPI.SK,2026,May,5,Sikhiu,10.8,18.4043659044,19.1597044081,18.975,-0.1847044081,0.97,0.9589587325,0.225,0.185,0.1795678922,2.43,3.4048076923,3.4404677366,,,
SK Root Sourcing report App.xlsx,RawKPI.SK,2026,Jun,6,Sikhiu,10.8558558559,19.7211750306,0.01,0.01,0,0.97,0.01,0.222,0.1702083333,0.01,2.41,3.3567083333,0.01,,,
SK Root Sourcing report App.xlsx,RawKPI.SK,2026,Jul,7,Sikhiu,10.5449699528,17.9440789474,0.01,0.01,0,0.97,0.01,0.2351832211,0.19,0.01,2.48,3.409375,0.01,,,
SK Root Sourcing report App.xlsx,RawKPI.SK,2026,Aug,8,Sikhiu,10.6091994019,15.9843474427,0.01,0.01,0,0.97,0.01,0.2497832211,0.21,0.01,2.65,3.356712963,0.01,,,
SK Root Sourcing report App.xlsx,RawKPI.SK,2026,Sep,9,Sikhiu,10.3325708826,15.1104066463,0.01,0.01,0,0.97,0.01,0.2525992833,0.2209661836,0.01,2.61,3.3388888889,0.01,,,
SK Root Sourcing report App.xlsx,RawKPI.SK,2026,Oct,10,Sikhiu,10.1372451308,14.6892655367,0.01,0.01,0,0.97,0.01,0.2535205538,0.2301,0.01,2.57,3.38,0.01,,,
SK Root Sourcing report App.xlsx,RawKPI.SK,2026,Nov,11,Sikhiu,9.8100026042,14.6388888889,0.01,0.01,0,0.97,0.01,0.2599387689,0.24,0.01,2.55,3.5133333333,0.01,,,
SK Root Sourcing report App.xlsx,RawKPI.SK,2026,Dec,12,Sikhiu,9.6296296296,14.1101449275,0.01,0.01,0,0.97,0.01,0.27,0.25,0.01,2.6,3.5275362319,0.01,,,
