date,domesticPrice,fobBangkok,fobHcmLowest,fobHcmHighest
2017-01-10,11.2,340,,
2017-01-17,11.2,340,,
2017-01-24,11,340,,
2017-01-31,11,340,,
2017-02-07,11,340,,
2017-02-14,11,340,,
2017-02-21,11,340,,
2017-02-28,11,340,,
2017-03-07,11.2,345,,
2017-03-14,11.2,345,,
2017-03-21,11.2,345,,
2017-03-28,11.2,345,,
2017-04-04,11.2,345,,
2017-04-11,11.2,345,,
2017-04-18,11.2,345,,
2017-04-25,11.2,345,,
2017-05-02,11.2,345,,
2017-05-09,11.2,345,,
2017-05-16,11.2,345,,
2017-05-23,11.2,345,,
2017-05-30,11,340,,
2017-06-06,10.8,340,,
2017-06-13,10.8,340,,
2017-06-20,10.8,340,,
2017-06-27,10.6,330,,
2017-07-04,10.7,335,,
2017-07-11,10.7,335,,
2017-07-18,10.7,335,,
2017-07-25,10.7,335,,
2017-08-01,10.7,340,,
2017-08-08,10.7,340,,
2017-08-15,10.7,340,,
2017-08-22,10.7,340,,
2017-08-29,10.7,340,,
2017-09-05,10.7,340,,
2017-09-12,10.8,345,,
2017-09-19,10.9,345,,
2017-09-26,10.9,345,,
2017-10-03,11.1,355,,
2017-10-10,11.2,360,,
2017-10-17,11.4,370,,
2017-10-24,11.5,370,,
2017-10-24,11.6,375,,
2017-10-31,11.9,380,,
2017-11-07,12,385,,
2017-11-14,12.3,395,,
2017-11-21,12.8,410,,
2017-11-28,13.2,430,,
2017-12-05,13.2,430,,
2017-12-12,13.2,430,,
2017-12-19,13.2,430,,
2017-12-26,13.3,435,,
2018-01-09,13.3,435,,
2018-01-16,13.3,435,,
2018-01-23,13.4,440,,
2018-01-30,13.7,465,,
2018-02-06,13.8,465,,
2018-02-13,14,475,,
2018-02-20,14.2,485,,
2018-02-27,14.5,495,,
2018-03-06,15.1,510,,
2018-03-13,15.4,520,,
2018-03-20,15.5,525,,
2018-03-27,15.8,535,,
2018-04-03,16,540,,
2018-04-10,16,540,,
2018-04-17,16,540,,
2018-04-24,16.2,545,,
2018-05-01,16.5,550,,
2018-04-08,16.6,550,,
2018-05-08,16.6,550,,
2018-05-15,16.7,550,,
2018-05-22,16.7,550,,
2018-06-05,16.4,540,,
2018-06-12,16,530,,
2018-06-19,15.8,520,,
2018-06-26,15.8,520,,
2018-07-03,15.6,500,,
2018-07-10,15.4,495,,
2018-07-17,15.4,495,,
2018-07-24,15.4,495,,
2018-07-31,15.1,485,,
2018-08-07,15.1,485,,
2018-08-14,15.1,485,,
2018-08-21,15.1,490,,
2018-08-28,15.2,495,,
2018-09-04,15.3,500,,
2018-09-11,15.3,500,,
2018-09-18,15.4,510,,
2018-09-25,15.5,510,,
2018-10-02,15.5,515,,
2018-10-09,15.5,515,,
2018-10-16,15.5,515,,
2018-10-23,15.5,515,,
2018-10-30,15.3,505,,
2018-11-06,15,495,,
2018-11-13,14.75,475,,
2018-11-20,14.5,465,,
2018-11-27,14.2,455,,
2018-12-04,13.8,445,,
2018-12-11,13.8,445,,
2018-12-18,13.8,445,,
2018-12-25,13.8,445,,
2019-01-08,13.8,445,,
2019-01-15,13.8,445,,
2019-01-22,13.8,445,,
2019-01-29,13.5,445,,
2019-02-05,13.5,445,,
2019-02-12,13.5,450,,
2019-02-19,13.5,450,,
2019-02-26,13.6,455,,
2019-03-05,13.6,455,,
2019-03-12,13.6,455,,
2019-03-19,13.8,465,,
2019-03-26,13.8,465,,
2019-04-02,13.8,465,,
2019-04-09,13.8,465,,
2019-04-16,13.8,465,,
2019-04-23,13.8,465,,
2019-04-30,13.6,460,,
2019-05-07,13.6,460,,
2019-05-14,13.5,455,,
2019-05-21,13.3,445,,
2019-05-28,13.3,445,,
2019-06-04,13.3,445,,
2019-06-11,13.1,440,,
2019-06-18,13.1,440,,
2019-06-25,13,440,,
2019-07-02,13,440,,
2019-07-09,13,440,,
2019-07-16,13,440,,
2019-07-23,13.2,445,,
2019-07-30,13.2,450,,
2019-08-06,13.2,450,,
2019-08-13,13.2,450,,
2019-08-20,13.2,450,,
2019-08-27,13.2,450,,
2019-09-03,13.3,455,,
2019-09-10,13.3,455,,
2019-09-17,13.3,455,,
2019-09-24,13.3,455,,
2019-10-01,13.3,455,,
2019-10-08,13.3,455,,
2019-10-15,13.3,455,,
2019-10-22,13.3,455,,
2019-10-29,13.3,455,,
2019-11-05,13.3,455,,
2019-11-12,13.3,455,,
2019-11-19,13.1,445,,
2019-11-26,13,455,,
2019-12-03,12.9,450,,
2019-12-10,13,455,,
2019-12-17,12.9,450,,
2019-12-24,12.9,450,,
2020-01-07,12.9,455,,
2020-01-14,12.8,450,,
2020-01-21,12.7,445,,
2020-01-28,12.6,440,,
2020-02-04,12.7,440,,
2020-02-11,12.7,440,,
2020-02-18,12.6,435,,
2020-02-25,12.8,435,,
2020-03-03,12.7,430,,
2020-03-10,12.8,435,,
2020-03-17,12.7,430,,
2020-03-24,12.7,425,,
2020-03-31,12.7,425,,
2020-04-07,12.7,425,,
2020-04-14,12.7,425,,
2020-04-21,12.7,425,,
2020-04-28,12.7,425,,
2020-05-05,12.8,425,,
2020-05-12,12.8,430,,
2020-05-19,12.8,430,,
2020-05-26,12.9,430,,
2020-06-02,12.9,435,,
2020-06-09,12.9,435,,
2020-06-16,12.9,440,,
2020-06-23,13,445,,
2020-06-30,13,445,,
2020-07-07,13,445,,
2020-07-14,13,445,,
2020-07-21,13,445,,
2020-07-28,13,445,,
2020-08-04,13,445,,
2020-08-11,13.1,450,,
2020-08-18,13.1,450,,
2020-08-25,13.1,450,,
2020-09-01,13.1,450,,
2020-09-08,13.1,450,,
2020-09-15,13.1,450,,
2020-09-22,13.1,450,,
2020-09-29,13.1,450,,
2020-10-06,13.1,450,,
2020-10-13,13.1,450,,
2020-10-20,13.1,450,,
2020-10-27,13.2,450,,
2020-11-03,13.2,450,,
2020-11-10,13.3,460,,
2020-11-17,13.4,470,,
2020-11-24,13.4,470,,
2020-12-01,13.5,475,,
2020-12-08,13.5,475,,
2020-12-15,13.5,475,,
2020-12-22,13.5,475,,
2020-12-29,13.5,475,,
2021-01-05,13.5,475,,
2021-01-12,13.5,475,,
2021-01-19,13.5,475,,
2021-01-26,13.5,475,,
2021-02-02,13.5,475,,
2021-02-09,13.6,480,,
2021-02-16,13.6,480,,
2021-02-23,13.7,485,,
2021-03-02,13.7,485,,
2021-03-09,13.8,485,,
2021-03-16,13.8,485,,
2021-03-23,13.8,485,,
2021-03-30,13.9,485,,
2021-04-06,13.9,485,,
2021-04-13,13.9,485,,
2021-04-20,13.9,485,,
2021-04-27,13.95,485,,
2021-05-04,14,485,,
2021-05-11,14,485,,
2021-05-18,14,485,,
2021-05-25,14,485,,
2021-06-01,14,485,,
2021-06-08,14,485,,
2021-06-15,14,485,,
2021-06-22,14,485,,
2021-06-29,14,485,,
2021-07-06,14,485,,
2021-07-13,14.1,485,,
2021-07-20,14.1,485,,
2021-07-27,14.1,485,,
2021-08-03,14.1,480,,
2021-08-10,14.1,480,,
2021-08-17,14.1,480,,
2021-08-24,14.1,480,,
2021-08-31,14.1,480,,
2021-09-07,14.1,480,,
2021-09-14,14.2,480,,
2021-09-21,14.3,480,,
2021-09-28,14.3,480,,
2021-10-05,14.4,480,,
2021-10-12,14.4,480,,
2021-10-19,14.5,480,,
2021-10-26,14.5,480,,
2021-11-02,14.6,480,,
2021-11-09,14.7,485,,
2021-11-16,14.9,490,,
2021-11-23,15,490,,
2021-11-30,15.1,490,,
2021-11-30,15.1,490,,
2021-12-07,15.1,490,,
2021-12-14,15.1,490,,
2021-12-21,15.1,490,,
2021-12-28,15.1,490,,
2022-01-04,15.1,490,520,540
2022-01-11,15.1,490,,
2022-01-18,15.1,490,,
2022-01-25,15.1,490,,
2022-02-01,15.1,490,,
2022-02-08,15.1,490,,
2022-02-15,15.1,495,,
2022-02-22,15.1,495,,
2022-03-01,15.1,495,,
2022-03-08,15.15,495,,
2022-03-15,15.2,495,,
2022-03-22,15.25,495,,
2022-03-29,15.35,495,,
2022-04-05,15.5,500,530,560
2022-04-12,15.6,500,,
2022-04-19,15.65,505,,
2022-04-26,16.1,510,,
2022-05-03,16.5,515,,
2022-05-10,16.8,520,,
2022-05-17,17,525,,
2022-05-24,17.3,535,,
2022-05-31,17.35,540,,
2022-06-07,17.4,540,,
2022-06-14,17.5,540,,
2022-06-21,17.5,540,,
2022-06-28,17.5,540,,
2022-07-05,17.5,535,540,580
2022-07-12,17.5,530,,
2022-07-19,17.5,525,,
2022-07-26,17.4,520,,
2022-08-02,17.3,520,,
2022-08-09,17.2,520,,
2022-08-16,17.2,520,,
2022-08-23,17.2,520,,
2022-08-30,17.2,515,,
2022-09-06,17.1,510,,
2022-09-13,17.1,510,,
2022-09-20,17.1,510,,
2022-09-27,17,500,,
2022-10-04,17,500,550,590
2022-10-11,17,500,,
2022-10-18,16.9,495,,
2022-10-25,16.9,495,,
2022-11-01,16.85,490,,
2022-11-08,16.8,485,,
2022-11-15,16.75,485,,
2022-11-22,16.75,485,,
2022-11-29,16.75,490,,
2022-12-06,16.7,495,,
2022-12-13,16.7,495,,
2022-12-20,16.6,495,,
2022-12-27,16.5,495,,
2023-01-03,16.5,495,560,580
2023-01-10,16.5,495,,
2023-01-17,16.5,500,,
2023-01-24,16.5,510,,
2023-01-31,16.6,520,,
2023-02-07,16.7,525,,
2023-02-14,16.9,525,,
2023-02-21,17.1,525,,
2023-02-28,17.15,525,,
2023-03-07,17.4,530,,
2023-03-14,17.5,535,,
2023-03-21,17.7,545,,
2023-03-28,17.8,550,,
2023-04-04,17.8,550,570,590
2023-04-11,17.8,550,,
2023-04-18,18,550,,
2023-04-25,18.2,555,,
2023-05-02,18.3,560,,
2023-05-09,18.3,560,,
2023-05-16,18.4,570,,
2023-05-23,18.4,570,,
2023-05-30,18.4,570,,
2023-06-06,18.4,570,,
2023-06-13,18.4,570,,
2023-06-20,18.4,570,,
2023-06-27,18.5,570,,
2023-07-04,18.5,570,560,590
2023-07-11,18.5,570,,
2023-07-18,18.5,570,,
2023-07-25,18.5,570,,
2023-08-08,18.5,570,,
2023-08-15,18.5,570,,
2023-08-22,18.5,570,,
2023-08-29,18.5,570,,
2023-09-05,18.6,575,,
2023-09-12,18.6,575,,
2023-09-19,18.6,575,,
2023-09-26,18.6,575,,
2023-10-03,18.6,575,560,590
2023-10-10,18.7,580,,
2023-10-17,18.7,580,,
2023-10-24,18.7,580,,
2023-10-31,18.8,580,,
2023-11-07,18.9,580,,
2023-11-14,19,580,,
2023-11-21,19.1,580,,
2023-11-28,19.3,590,,
2023-12-05,19.3,590,,
2023-12-12,19.3,590,,
2023-12-19,19.3,590,,
2023-12-26,19.3,590,,
2024-01-09,19.15,585,480,520
2024-01-16,19.05,580,,
2024-01-23,19.05,580,,
2024-01-30,19.05,580,,
2024-02-06,19.05,580,,
2024-02-13,19.05,580,,
2024-02-20,19.05,580,,
2024-02-27,19.1,580,,
2024-03-05,19.1,580,,
2024-03-12,19.1,580,,
2024-03-19,19.1,580,,
2024-03-26,19.1,580,,
2024-04-02,19.1,580,460,500
2024-04-09,19,575,,
2024-04-16,19,575,,
2024-04-23,19,575,,
2024-04-30,18.85,565,,
2024-05-07,18.85,565,,
2024-05-14,18.7,555,,
2024-05-21,18.7,555,,
2024-05-28,18.7,555,,
2024-06-04,18.7,555,,
2024-06-11,18.7,555,,
2024-06-18,18.5,545,,
2024-06-25,18.3,535,,
2024-07-02,18.3,535,440,480
2024-07-09,18.2,530,,
2024-07-16,18.1,525,,
2024-07-23,18,525,,
2024-07-30,17.9,525,,
2024-08-06,17.9,525,,
2024-08-13,17.75,525,,
2024-08-20,17.75,535,,
2024-08-27,17.5,535,,
2024-09-03,17.4,535,,
2024-09-10,17.2,525,,
2024-09-17,17,520,,
2024-09-24,16.75,515,,
2024-10-01,16.5,510,450,520
2024-10-08,16.25,500,,
2024-10-15,15.9,490,,
2024-10-22,15.7,490,,
2024-10-29,15.5,490,,
2024-11-05,15.2,490,,
2024-11-12,14.9,475,,
2024-11-19,14.7,465,,
2024-11-26,14.5,465,,
2024-12-03,14.5,465,,
2024-12-10,14.3,450,,
2024-12-17,14.3,450,,
2024-12-24,14.2,440,,
2025-01-07,13.9,420,,
2025-01-14,13.9,420,,
2025-01-21,14,425,,
2025-01-28,14,430,,
2025-02-04,14,430,,
2025-02-11,14,430,,
2025-02-18,14,430,,
2025-02-25,14,435,,
2025-03-04,14,435,,
2025-03-11,13.95,430,,
2025-03-18,13.85,430,,
2025-03-25,13.75,425,,
2025-04-01,13.55,415,,
2025-04-08,13.35,415,,
2025-04-22,13.15,415,,
2025-04-29,13.15,420,,
2025-05-06,13.05,425,,
2025-05-13,13.05,425,,
2025-05-20,13.15,425,,
2025-05-27,13.3,435,,
2025-06-10,13.25,430,,
2025-06-17,13.4,440,,
2025-06-24,13.5,440,,
2025-07-01,13.4,440,,
2025-07-08,13.5,445,,
2025-07-15,13.5,445,,
2025-07-22,13.65,450,,
2025-07-29,13.8,455,,
2025-08-05,13.5,450,,
2025-08-19,13.5,450,,
2025-08-26,13.5,450,,
2025-09-02,13.4,445,,
2025-09-09,13.4,450,,
2025-09-16,13.4,450,,
2025-09-23,13.4,450,,
2025-09-30,13.4,450,,
2025-10-07,13.45,450,,
2025-10-14,13.45,450,,
2025-10-21,13.5,455,,
2025-10-28,13.5,455,,
2025-11-04,13.5,455,,
2025-11-11,13.6,460,,
2025-11-18,13.6,460,,
2025-11-25,13.7,465,,
2025-12-02,13.8,470,,
2025-12-09,13.9,470,,
2025-12-16,13.9,470,,
2025-12-23,14.1,480,380,400
2026-01-06,14.1,480,,
2026-01-13,14.2,480,,
2026-01-20,14.2,485,,
2026-01-27,14.25,490,,
2026-02-03,14.3,490,,
2026-02-10,14.4,490,,
2026-02-17,14.4,490,,
2026-02-24,14.5,495,,
2026-03-03,14.7,500,,
2026-03-10,15,500,,
2026-03-17,15.2,510,,
2026-03-24,15.6,515,,
2026-03-31,16.2,525,515,533
2026-04-07,16.5,540,520,540
2026-04-21,16.7,555,520,540
2026-04-28,17.2,565,520,540
2026-05-05,17.9,580,520,540
2026-05-12,18.5,605,520,540
2026-05-19,19.5,625,540,560
2026-05-26,20,650,550,570
2026-06-02,20.7,665,550,580
2026-06-08,21.5,680,590,610
