Year,Month,Plant,"LE0 PPDS, THB/kg","LV PPDS, THB/kg","Act. PPDS, THB/kg",TTSA Price,"Act. PPDS cost against TTSA, THB/kg","Est. PPDS cost against TTSA, THB/kg","Est. PPDS accuracy, %","Act. PPDS accuracy, %","LE0 Starch content, %","LV Starch content, %","Act. Starch content, %",LE0 Price THB/kg,LV Price THB/kg,Act. Price THB/kg
2023,Jan,Sikhiu,11.3879003559,11.9165487977,11.9177600841,16.52,4.6022399159,3.9,0.97,0.9536646107,0.281,0.2828,0.2828301231,3.2,3.37,3.3707015517
2023,Feb,Sikhiu,11.4130434783,12.4955752212,12.4998202709,16.9625,4.4626797291,3.9,0.97,0.9959983718,0.276,0.2825,0.2824614856,3.15,3.53,3.5307178039
2023,Mar,Sikhiu,11.641221374,14.0447378071,14.0331010788,17.6,3.5668989212,3.9,0.97,0.9496181827,0.262,0.2727,0.2727256994,3.05,3.83,3.827187307
2023,Apr,Sikhiu,12.7789046653,16.1117961365,16.1121950133,17.95,1.8378049867,3.9,0.97,0.965176942,0.2465,0.2433,0.2433130891,3.15,3.92,3.9203079403
2023,May,Sikhiu,13.2754880694,17.4866049683,17.4950835411,18.36,0.8649164589,3.9,0.97,0.9332266133,0.2305,0.2053,0.2053084221,3.06,3.59,3.5918879967
2023,Jun,Sikhiu,13.2754880694,15.8738107161,15.8253210629,18.425,2.5996789371,3.9,0.97,0.9100242129,0.2305,0.1997,0.2008,3.06,3.17,3.1777244694
2023,Jul,Sikhiu,12.6819126819,15.1696606786,15.1732353806,18.5,3.3267646194,3.9,0.97,0.9513000239,0.2405,0.22545,0.2256815911,3.05,3.42,3.4243199022
2023,Aug,Sikhiu,12.6272912424,14.9690721649,14.7811766222,18.5,3.7188233778,3.9,0.97,0.9711679778,0.2455,0.2425,0.2449875301,3.1,3.63,3.6212039532
2023,Sep,Sikhiu,12.5793650794,14.8310139165,14.9520286454,18.6,3.6479713546,3.9,0.97,0.9917715006,0.252,0.2515,0.2404,3.17,3.73,3.5944676863
2023,Oct,Sikhiu,12.140077821,14.7637795276,14.8596973631,18.7,3.8403026369,3.9,0.97,0.9866996921,0.257,0.254,0.2384414663,3.12,3.75,3.5431680277
2023,Nov,Sikhiu,11.9837758112,14.6892655367,15.7911577483,19.075,3.2838422517,3.9,0.97,0.9853793107,0.2712,0.2655,0.2437036434,3.25,3.9,3.8483626767
2023,Dec,Sikhiu,11.5658362989,14.0875912409,14.9815835431,19.3,4.3184164569,3.9,0.97,0.9663836946,0.281,0.274,0.2554421142,3.25,3.86,3.8269273747
2024,Jan,Sikhiu,15.2631578947,14.6214689266,14.6169787631,19.075,4.4580212369,3.9,0.97,0.977523487,0.2565,0.2655,0.2655212628,3.915,3.882,3.8811186589
2024,Feb,Sikhiu,15.2691107644,14.0701107011,14.0678609508,19.0625,4.9946390492,3.9,0.97,0.953472338,0.2564,0.271,0.2709802565,3.915,3.813,3.812112569
2024,Mar,Sikhiu,16.0970464135,14.0079522863,14.0120854561,19.1,5.0879145439,3.9,0.97,0.9867665814,0.237,0.2515,0.2515357185,3.815,3.523,3.5245399834
2024,Apr,Sikhiu,17.1903881701,14.4824399261,14.4831250686,18.99,4.5068749314,3.9,0.97,0.9495284677,0.2164,0.2164,0.2163670909,3.72,3.134,3.1336716377
2024,May,Sikhiu,17.4757281553,15.5263157895,15.5307042065,18.7375,3.2067957935,3.9,0.97,0.9486033579,0.206,0.1824,0.1824159097,3.6,2.832,2.8330475358
2024,Jun,Sikhiu,17.380952381,14.3114852676,14.3106381134,18.55,4.2393618866,3.9,0.97,0.9869405595,0.21,0.1663,0.1663393072,3.65,2.38,2.3804216291
2024,Jul,Sikhiu,16.3174320107,13.9855875831,13.9899375144,18.1,4.1100624856,3.9,0.97,0.9755883901,0.2243,0.1804,0.1804033733,3.66,2.523,2.5238319202
2024,Aug,Sikhiu,16.0324925182,12.7548601233,12.7780913669,17.725,4.9469086331,3.9,0.97,0.9340710063,0.2339,0.2109,0.2133516033,3.75,2.69,2.7262262796
2024,Sep,Sikhiu,15.9493670886,12.1800529568,12.3606917694,17.0875,4.7268082306,3.9,0.97,0.9619215385,0.237,0.2266,0.2301557478,3.78,2.76,2.8448842577
2024,Oct,Sikhiu,15.7741801577,11.9827586207,10.9737724975,15.97,4.9962275025,3.9,0.97,0.9221657561,0.2409,0.232,0.2344774693,3.8,2.78,2.5731024035
2024,Nov,Sikhiu,15.9467097295,12.1074380165,10.339609391,14.825,4.485390609,3.9,0.97,0.957733195,0.2477,0.242,0.242810863,3.95,2.93,2.5105694796
2024,Dec,Sikhiu,15.1538461538,11.4007782101,9.0682873049,14.325,5.2567126951,3.9,0.97,0.9596071222,0.26,0.257,0.2566356807,3.94,2.93,2.3272460851
2025,Jan,Sikhiu,9.4868913858,8.4525547445,8.4491963972,13.95,5.5008036028,3.7,0.97,0.9771679312,0.267,0.274,0.2746548239,2.533,2.316,2.3206125488
2025,Feb,Sikhiu,9.530956848,8.4377302874,8.4479659204,14,5.5520340796,3.7,0.97,0.9162652842,0.2665,0.2714,0.2714209703,2.54,2.29,2.292955107
2025,Mar,Sikhiu,9.9606299213,8.0167173252,7.98,13.8875,5.9075,3.7,0.97,0.946443186,0.254,0.2632,0.2550631379,2.53,2.11,2.035025342
2025,Apr,Sikhiu,10.7905982906,8.5654008439,8.3545340224,13.3,4.9454659776,3.7,0.97,0.9658420835,0.234,0.237,0.2236345949,2.525,2.03,1.8683628319
2025,May,Sikhiu,11.3317757009,9.0783410138,9.3090792826,13.1375,3.8284207174,3.7,0.97,0.9421500815,0.214,0.217,0.1944963827,2.425,1.97,1.8105822472
2025,Jun,Sikhiu,11.7073170732,9.2705882353,9.2311977899,13.3833333333,4.1521355434,3.7,0.97,0.9448513603,0.205,0.2125,0.2059808078,2.4,1.97,1.9014495777
2025,Jul,Sikhiu,11.1363636364,10.56,10.1911975802,13.57,3.3788024198,3.7,0.97,0.9544577602,0.22,0.225,0.2338406747,2.45,2.3831165178,2.3831165178
2025,Aug,Sikhiu,10.8620689655,10.2934601837,10.2784048099,13.5,3.2215951901,3.7,0.97,0.9894801853,0.232,0.2421116366,0.2423856229,2.52,2.4921664915,2.4913375526
2025,Sep,Sikhiu,10.7172995781,10.0917339271,9.9182503815,13.4,3.4817496185,3.7,0.97,0.9834506513,0.237,0.2447547684,0.2453791545,2.54,2.47,2.4337318929
2025,Oct,Sikhiu,10.3734439834,9.6815286624,9.9807477898,13.475,3.4942522102,3.7,0.97,0.9687457518,0.241,0.2512,0.2400149079,2.5,2.432,2.3955282612
2025,Nov,Sikhiu,10.6048387097,10.1433717286,10.4551163956,13.6,3.1448836044,3.7,0.97,0.9692661695,0.248,0.2486960748,0.2484213857,2.63,2.5226167339,2.597274503
2025,Dec,Sikhiu,10.1550387597,9.9803921569,10.3066721257,13.925,3.6183278743,3.7,0.97,0.967307901,0.258,0.255,0.2580767535,2.62,2.545,2.6599124819
2026,Jan,Sikhiu,10.1456778437,10.4095644638,10.4095644638,14.1875,3.7779355362,3.75,0.97,0.9749094325,0.2649549839,0.2707336788,0.2707336788,2.68814791,2.8110986408,2.8182196819
2026,Feb,Sikhiu,9.9632352941,10.4541568711,10.9834295832,14.4,3.4165704168,3.75,0.97,0.9493720327,0.272,0.2725631068,0.2662576339,2.71,2.8494174757,2.9244219731
2026,Mar,Sikhiu,10.1145038168,11.29,12.0041543429,15.34,3.3358456571,3.75,0.97,0.9366045262,0.262,0.2684,0.246443868,2.65,3.03,2.958350228
2026,Apr,Sikhiu,10.3719008264,13.9993828113,15.4429936154,16.8,1.3570063846,3.75,0.97,0.8968803965,0.242,0.2196949153,0.2128172896,2.51,3.0755932203,3.2865360438
2026,May,Sikhiu,10.8,18.4043659044,19.1597044081,18.975,-0.1847044081,3.75,0.97,0.9589587325,0.225,0.185,0.1795678922,2.43,3.4048076923,3.4404677366
2026,Jun,Sikhiu,10.8558558559,19.7211750306,0.01,0.01,0,3.75,0.97,0.01,0.222,0.1702083333,0.01,2.41,3.3567083333,0.01
2026,Jul,Sikhiu,10.5449699528,17.9440789474,0.01,0.01,0,3.75,0.97,0.01,0.2351832211,0.19,0.01,2.48,3.409375,0.01
2026,Aug,Sikhiu,10.6091994019,15.9843474427,0.01,0.01,0,3.75,0.97,0.01,0.2497832211,0.21,0.01,2.65,3.356712963,0.01
2026,Sep,Sikhiu,10.3325708826,15.1104066463,0.01,0.01,0,3.75,0.97,0.01,0.2525992833,0.2209661836,0.01,2.61,3.3388888889,0.01
2026,Oct,Sikhiu,10.1372451308,14.6892655367,0.01,0.01,0,3.75,0.97,0.01,0.2535205538,0.2301,0.01,2.57,3.38,0.01
2026,Nov,Sikhiu,9.8100026042,14.6388888889,0.01,0.01,0,3.75,0.97,0.01,0.2599387689,0.24,0.01,2.55,3.5133333333,0.01
2026,Dec,Sikhiu,9.6296296296,14.1101449275,0.01,0.01,0,3.75,0.97,0.01,0.27,0.25,0.01,2.6,3.5275362319,0.01
