,Monthly Activities Plan

,SK plant : The Root Purchasing of October 2026  (Total Operation Day 31 days)
,Root rolling Forecast, Plan Original LE0.2026,Latest View,Root purchase forecasting,Remarks
,,(18/12/25),,Most likely
,Root purchase expectation ,,,34300,,,,,,,,Number of Days,31
,Starch content forecasting,,,0.2449154519,,,,,,,,Volume Plan,34300
,Root price forecasting,,,2.916122449,,,,,,,,Farmer Daily supply,300
,PPDS. Forecasting,,,11.906649525
,Expectation of root source purchasing.,,,Farmer % of supply,Volume/month,Starch (%),Price(B./kg),PPDS (B./kg),Root expense amount (K baht)
,Farmer,,,0.2711370262,9300,24.2,2.61,10.7851239669,24273,,,F : 25% ,2.65
,Broker,,,0.7288629738,25000,24.6,3.03,12.3170731707,75750,,,B : 25% ,3.05
,Total ,,,1,34300,24.4915451895,2.916122449,11.906649525,100023

,Expectation of Co-products,,,Portion to root grinding,Volume (tons),Unit price (baht),Total revenue (baht)
,Wash skin,,,0.02,686,0.2,137200.0
,Soil skin,,,0.061,2092.3,0.03,62769.0
,Pulp with 79% moisture content,,,0.2,6860,0.282,1934519.9999999998
,,,,,,Total


,Activities,Response,,Target,,,        Budget,,Remarks
,Farmers-broker visit & ,Buyer,,Continuous root supply through year.,,,15000,, - Farmer-Broker 
,meeting expense for ,,,,,,,,   visit budget 
,Root Sourcing department
,,,,Total,,,15000












,หมายเหตุ : กรณีไม่มีการเซ็นอนุมัติในแบบฟอร์ม ให้แนบเป็นอีเมลล์อนุมัติแทนได้
